id,name,gender,age,degree,stream,college_name,gpa,years_of_experience,salary,placement_status
1,John Wenham,Male,25,Bachelor's,Computer Science,Harvard University,3.7,2,60000,Placed
2,Jane Smith,Female,24,Bachelor's,Electrical Engineering,Massachusetts Institute of Technology,3.6,1,65000,Placed
3,Michael Johnson,Male,26,Bachelor's,Mechanical Engineering,Stanford University,3.8,3,58000,Placed
4,Emily Davis,Female,23,Bachelor's,Information Technology,Yale University,3.5,2,0,Not Placed
5,David Brown,Male,24,Bachelor's,Computer Science,Princeton University,3.9,2,62000,Placed
6,Sarah Wilson,Female,25,Bachelor's,Electronics and Communication,Columbia University,3.7,1,63000,Placed
7,James Martinez,Male,26,Bachelor's,Information Technology,California Institute of Technology,3.8,3,59000,Placed
8,Emma Garcia,Female,24,Bachelor's,Computer Science,University of Chicago,3.6,2,0,Not Placed
9,Alexander Taylor,Male,25,Bachelor's,Electrical Engineering,University of Pennsylvania,3.7,2,64000,Placed
10,Samantha Anderson,Female,23,Bachelor's,Mechanical Engineering,Northwestern University,3.5,1,57000,Placed
11,William Hernandez,Male,24,Bachelor's,Computer Science,Duke University,3.9,2,61000,Placed
12,Ava Lopez,Female,25,Bachelor's,Electronics and Communication,Johns Hopkins University,3.8,3,0,Not Placed
13,Daniel Martinez,Male,26,Bachelor's,Information Technology,University of California--Berkeley,3.7,2,63000,Placed
14,Mia Gonzalez,Female,24,Bachelor's,Computer Science,University of Michigan--Ann Arbor,3.6,1,64000,Placed
15,Alexander Rodriguez,Male,23,Bachelor's,Electrical Engineering,University of California--Los Angeles,3.8,3,66000,Placed
16,Isabella Perez,Female,25,Bachelor's,Mechanical Engineering,University of Virginia,3.7,2,0,Not Placed
17,Ethan Turner,Male,26,Bachelor's,Computer Science,University of Wisconsin--Madison,3.9,2,61000,Placed
18,Olivia Moore,Female,24,Bachelor's,Electronics and Communication,University of Illinois--Urbana-Champaign,3.8,1,62000,Placed
19,Mason Parker,Male,23,Bachelor's,Information Technology,University of North Carolina--Chapel Hill,3.7,2,59000,Placed
20,Amelia Rivera,Female,25,Bachelor's,Computer Science,University of Washington,3.6,1,65000,Placed
21,Lucas Reed,Male,24,Bachelor's,Electrical Engineering,University of California--San Diego,3.5,3,67000,Placed
22,Elizabeth Wood,Female,26,Bachelor's,Mechanical Engineering,University of Texas--Austin,3.8,3,0,Not Placed
23,Aiden Ward,Male,23,Bachelor's,Computer Science,University of California--Santa Barbara,3.7,2,60000,Placed
24,Charlotte Ross,Female,25,Bachelor's,Electronics and Communication,University of Southern California,3.6,1,63000,Placed
25,Owen Brooks,Male,26,Bachelor's,Information Technology,University of Florida,3.9,2,60000,Placed
26,Grace Watson,Female,24,Bachelor's,Computer Science,University of Minnesota--Twin Cities,3.8,3,0,Not Placed
27,Jack Bailey,Male,23,Bachelor's,Electrical Engineering,University of Maryland--College Park,3.7,2,64000,Placed
28,Natalie Murphy,Female,25,Bachelor's,Mechanical Engineering,University of California--Davis,3.5,1,66000,Placed
29,Liam Russell,Male,24,Bachelor's,Computer Science,University of Pittsburgh,3.7,2,59000,Placed
30,Chloe Peterson,Female,26,Bachelor's,Electronics and Communication,University of Colorado--Boulder,3.6,1,62000,Placed
31,Elijah Kelly,Male,23,Bachelor's,Information Technology,University of Rochester,3.9,2,61000,Placed
32,Anna Cooper,Female,25,Bachelor's,Computer Science,Boston College,3.8,3,0,Not Placed
33,Lucas Reed,Male,26,Bachelor's,Electrical Engineering,Rice University,3.5,3,65000,Placed
34,Sophia Price,Female,24,Bachelor's,Electronics and Communication,University of California--Irvine,3.6,1,64000,Placed
35,Mason Parker,Male,23,Bachelor's,Information Technology,Georgetown University,3.7,2,67000,Placed
36,Olivia Moore,Female,25,Bachelor's,Computer Science,University of Georgia,3.6,1,0,Not Placed
37,William Hernandez,Male,24,Bachelor's,Information Technology,University of Notre Dame,3.7,2,63000,Placed
38,Amelia Rivera,Female,26,Bachelor's,Computer Science,University of Iowa,3.8,3,62000,Placed
39,Ethan Turner,Male,23,Bachelor's,Electrical Engineering,University of California--Santa Cruz,3.7,2,60000,Placed
40,Isabella Perez,Female,25,Bachelor's,Mechanical Engineering,University of Connecticut,3.5,1,61000,Placed
41,Daniel Martinez,Male,24,Bachelor's,Computer Science,University of California--Riverside,3.9,2,0,Not Placed
42,Mia Gonzalez,Female,26,Bachelor's,Electronics and Communication,University of Delaware,3.7,1,65000,Placed
43,Alexander Rodriguez,Male,23,Bachelor's,Information Technology,University of California--San Francisco,3.8,3,66000,Placed
44,Olivia Moore,Female,25,Bachelor's,Computer Science,University of Texas--Dallas,3.6,1,63000,Placed
45,Jack Bailey,Male,26,Bachelor's,Electrical Engineering,University of Virginia,3.9,2,64000,Placed
46,Charlotte Ross,Female,24,Bachelor's,Mechanical Engineering,University of California--Santa Cruz,3.4,1,0,Not Placed
47,Owen Brooks,Male,23,Bachelor's,Computer Science,University of California--San Diego,3.7,2,65000,Placed
48,Grace Watson,Female,25,Bachelor's,Electronics and Communication,University of Texas--Austin,3.8,3,66000,Placed
49,Liam Russell,Male,26,Bachelor's,Information Technology,University of California--Los Angeles,3.9,3,67000,Placed
50,Chloe Peterson,Female,24,Bachelor's,Computer Science,University of Michigan--Ann Arbor,3.9,3,68000,Placed
51,Elijah Kelly,Male,23,Bachelor's,Electrical Engineering,University of Pennsylvania,3.7,2,0,Not Placed
52,Anna Cooper,Female,25,Bachelor's,Mechanical Engineering,University of Washington,3.8,3,67000,Placed
53,Lucas Reed,Male,26,Bachelor's,Computer Science,University of California--Berkeley,3.9,3,66000,Placed
54,Sophia Price,Female,24,Bachelor's,Electronics and Communication,University of Illinois--Urbana-Champaign,3.8,3,65000,Placed
55,Mason Parker,Male,23,Bachelor's,Information Technology,University of Colorado--Boulder,3.7,2,66000,Placed
56,Olivia Moore,Female,25,Bachelor's,Computer Science,University of North Carolina--Chapel Hill,3.6,1,0,Not Placed
57,William Hernandez,Male,24,Bachelor's,Information Technology,University of Maryland--College Park,3.7,2,63000,Placed
58,Amelia Rivera,Female,26,Bachelor's,Computer Science,University of Rochester,3.8,3,62000,Placed
59,Ethan Turner,Male,23,Bachelor's,Electrical Engineering,University of California--Santa Cruz,3.7,2,60000,Placed
60,Isabella Perez,Female,25,Bachelor's,Mechanical Engineering,University of Connecticut,3.5,1,61000,Placed
61,Daniel Martinez,Male,24,Bachelor's,Computer Science,University of California--Riverside,3.9,2,0,Not Placed
62,Mia Gonzalez,Female,26,Bachelor's,Electronics and Communication,University of Delaware,3.7,1,65000,Placed
63,Alexander Rodriguez,Male,23,Bachelor's,Information Technology,University of California--San Francisco,3.8,3,66000,Placed
64,Olivia Moore,Female,25,Bachelor's,Computer Science,University of Texas--Dallas,3.6,1,63000,Placed
65,Jack Bailey,Male,26,Bachelor's,Electrical Engineering,University of Virginia,3.9,2,64000,Placed
66,Charlotte Ross,Female,24,Bachelor's,Mechanical Engineering,University of California--Santa Cruz,3.4,1,0,Not Placed
67,Owen Brooks,Male,23,Bachelor's,Computer Science,University of California--San Diego,3.7,2,65000,Placed
68,Grace Watson,Female,25,Bachelor's,Electronics and Communication,University of Texas--Austin,3.8,3,66000,Placed
69,Liam Russell,Male,26,Bachelor's,Information Technology,University of California--Los Angeles,3.9,3,67000,Placed
70,Chloe Peterson,Female,24,Bachelor's,Computer Science,University of Michigan--Ann Arbor,3.9,3,68000,Placed
71,Elijah Kelly,Male,23,Bachelor's,Electrical Engineering,University of Pennsylvania,3.7,2,0,Not Placed
72,Anna Cooper,Female,25,Bachelor's,Mechanical Engineering,University of Washington,3.8,3,67000,Placed
73,Lucas Reed,Male,26,Bachelor's,Computer Science,University of California--Berkeley,3.9,3,66000,Placed
74,Sophia Price,Female,24,Bachelor's,Electronics and Communication,University of Illinois--Urbana-Champaign,3.8,3,65000,Placed
75,Mason Parker,Male,23,Bachelor's,Information Technology,University of Colorado--Boulder,3.7,2,66000,Placed
76,Olivia Moore,Female,25,Bachelor's,Computer Science,University of North Carolina--Chapel Hill,3.6,1,0,Not Placed
77,William Hernandez,Male,24,Bachelor's,Information Technology,University of Maryland--College Park,3.7,2,63000,Placed
78,Amelia Rivera,Female,26,Bachelor's,Computer Science,University of Rochester,3.8,3,62000,Placed
79,Ethan Turner,Male,23,Bachelor's,Electrical Engineering,University of California--Santa Cruz,3.7,2,60000,Placed
80,Isabella Perez,Female,25,Bachelor's,Mechanical Engineering,University of Connecticut,3.5,1,61000,Placed
81,Daniel Martinez,Male,24,Bachelor's,Computer Science,University of California--Riverside,3.9,2,0,Not Placed
82,Mia Gonzalez,Female,26,Bachelor's,Electronics and Communication,University of Delaware,3.7,1,65000,Placed
83,Alexander Rodriguez,Male,23,Bachelor's,Information Technology,University of California--San Francisco,3.8,3,66000,Placed
84,Olivia Moore,Female,25,Bachelor's,Computer Science,University of Texas--Dallas,3.6,1,63000,Placed
85,Jack Bailey,Male,26,Bachelor's,Electrical Engineering,University of Virginia,3.9,2,64000,Placed
86,Charlotte Ross,Female,24,Bachelor's,Mechanical Engineering,University of California--Santa Cruz,3.4,1,0,Not Placed
87,Owen Brooks,Male,23,Bachelor's,Computer Science,University of California--San Diego,3.7,2,65000,Placed
88,Grace Watson,Female,25,Bachelor's,Electronics and Communication,University of Texas--Austin,3.8,3,66000,Placed
89,Liam Russell,Male,26,Bachelor's,Information Technology,University of California--Los Angeles,3.9,3,67000,Placed
90,Chloe Peterson,Female,24,Bachelor's,Computer Science,University of Michigan--Ann Arbor,3.9,3,68000,Placed
91,Elijah Kelly,Male,23,Bachelor's,Electrical Engineering,University of Pennsylvania,3.7,2,0,Not Placed
92,Anna Cooper,Female,25,Bachelor's,Mechanical Engineering,University of Washington,3.8,3,67000,Placed
93,Lucas Reed,Male,26,Bachelor's,Computer Science,University of California--Berkeley,3.9,3,66000,Placed
94,Sophia Price,Female,24,Bachelor's,Electronics and Communication,University of Illinois--Urbana-Champaign,3.8,3,65000,Placed
95,Mason Parker,Male,23,Bachelor's,Information Technology,University of Colorado--Boulder,3.7,2,66000,Placed
96,Olivia Moore,Female,25,Bachelor's,Computer Science,University of North Carolina--Chapel Hill,3.6,1,0,Not Placed
97,William Hernandez,Male,24,Bachelor's,Information Technology,University of Maryland--College Park,3.7,2,63000,Placed
98,Amelia Rivera,Female,26,Bachelor's,Computer Science,University of Rochester,3.8,3,62000,Placed
99,Ethan Turner,Male,23,Bachelor's,Electrical Engineering,University of California--Santa Cruz,3.7,2,60000,Placed
100,Isabella Perez,Female,25,Bachelor's,Mechanical Engineering,University of Connecticut,3.5,1,61000,Placed
101,Daniel Martinez,Male,24,Bachelor's,Computer Science,University of California--Riverside,3.9,2,0,Not Placed
102,Mia Gonzalez,Female,26,Bachelor's,Electronics and Communication,University of Delaware,3.7,1,65000,Placed
103,Alexander Rodriguez,Male,23,Bachelor's,Information Technology,University of California--San Francisco,3.8,3,66000,Placed
104,Olivia Moore,Female,25,Bachelor's,Computer Science,University of Texas--Dallas,3.6,1,63000,Placed
105,Jack Bailey,Male,26,Bachelor's,Electrical Engineering,University of Virginia,3.9,2,64000,Placed
106,Charlotte Ross,Female,24,Bachelor's,Mechanical Engineering,University of California--Santa Cruz,3.4,1,0,Not Placed
107,Owen Brooks,Male,23,Bachelor's,Computer Science,University of California--San Diego,3.7,2,65000,Placed
108,Grace Watson,Female,25,Bachelor's,Electronics and Communication,University of Texas--Austin,3.8,3,66000,Placed
109,Liam Russell,Male,26,Bachelor's,Information Technology,University of California--Los Angeles,3.9,3,67000,Placed
110,Chloe Peterson,Female,24,Bachelor's,Computer Science,University of Michigan--Ann Arbor,3.9,3,68000,Placed
111,Elijah Kelly,Male,23,Bachelor's,Electrical Engineering,University of Pennsylvania,3.7,2,0,Not Placed
112,Anna Cooper,Female,25,Bachelor's,Mechanical Engineering,University of Washington,3.8,3,67000,Placed
113,Lucas Reed,Male,26,Bachelor's,Computer Science,University of California--Berkeley,3.9,3,66000,Placed
114,Sophia Price,Female,24,Bachelor's,Electronics and Communication,University of Illinois--Urbana-Champaign,3.8,3,65000,Placed
115,Mason Parker,Male,23,Bachelor's,Information Technology,University of Colorado--Boulder,3.7,2,66000,Placed
116,Olivia Moore,Female,25,Bachelor's,Computer Science,University of North Carolina--Chapel Hill,3.6,1,0,Not Placed
117,William Hernandez,Male,24,Bachelor's,Information Technology,University of Maryland--College Park,3.7,2,63000,Placed
118,Amelia Rivera,Female,26,Bachelor's,Computer Science,University of Rochester,3.8,3,62000,Placed
119,Ethan Turner,Male,23,Bachelor's,Electrical Engineering,University of California--Santa Cruz,3.7,2,60000,Placed
120,Isabella Perez,Female,25,Bachelor's,Mechanical Engineering,University of Connecticut,3.5,1,61000,Placed
121,Daniel Martinez,Male,24,Bachelor's,Computer Science,University of California--Riverside,3.9,2,0,Not Placed
122,Mia Gonzalez,Female,26,Bachelor's,Electronics and Communication,University of Delaware,3.7,1,65000,Placed
123,Alexander Rodriguez,Male,23,Bachelor's,Information Technology,University of California--San Francisco,3.8,3,66000,Placed
124,Olivia Moore,Female,25,Bachelor's,Computer Science,University of Texas--Dallas,3.6,1,63000,Placed
125,Jack Bailey,Male,26,Bachelor's,Electrical Engineering,University of Virginia,3.9,2,64000,Placed
126,Charlotte Ross,Female,24,Bachelor's,Mechanical Engineering,University of California--Santa Cruz,3.4,1,0,Not Placed
127,Owen Brooks,Male,23,Bachelor's,Computer Science,University of California--San Diego,3.7,2,65000,Placed
128,Grace Watson,Female,25,Bachelor's,Electronics and Communication,University of Texas--Austin,3.8,3,66000,Placed
129,Liam Russell,Male,26,Bachelor's,Information Technology,University of California--Los Angeles,3.9,3,67000,Placed
130,Chloe Peterson,Female,24,Bachelor's,Computer Science,University of Michigan--Ann Arbor,3.9,3,68000,Placed
131,Elijah Kelly,Male,23,Bachelor's,Electrical Engineering,University of Pennsylvania,3.7,2,0,Not Placed
132,Anna Cooper,Female,25,Bachelor's,Mechanical Engineering,University of Washington,3.8,3,67000,Placed
133,Lucas Reed,Male,26,Bachelor's,Computer Science,University of California--Berkeley,3.9,3,66000,Placed
134,Sophia Price,Female,24,Bachelor's,Electronics and Communication,University of Illinois--Urbana-Champaign,3.8,3,65000,Placed
135,Mason Parker,Male,23,Bachelor's,Information Technology,University of Colorado--Boulder,3.7,2,66000,Placed
136,Olivia Moore,Female,25,Bachelor's,Computer Science,University of North Carolina--Chapel Hill,3.6,1,0,Not Placed
137,William Hernandez,Male,24,Bachelor's,Information Technology,University of Maryland--College Park,3.7,2,63000,Placed
138,Amelia Rivera,Female,26,Bachelor's,Computer Science,University of Rochester,3.8,3,62000,Placed
139,Ethan Turner,Male,23,Bachelor's,Electrical Engineering,University of California--Santa Cruz,3.7,2,60000,Placed
140,Isabella Perez,Female,25,Bachelor's,Mechanical Engineering,University of Connecticut,3.5,1,61000,Placed
141,Daniel Martinez,Male,24,Bachelor's,Computer Science,University of California--Riverside,3.9,2,0,Not Placed
142,Mia Gonzalez,Female,26,Bachelor's,Electronics and Communication,University of Delaware,3.7,1,65000,Placed
143,Alexander Rodriguez,Male,23,Bachelor's,Information Technology,University of California--San Francisco,3.8,3,66000,Placed
144,Olivia Moore,Female,25,Bachelor's,Computer Science,University of Texas--Dallas,3.6,1,63000,Placed
145,Jack Bailey,Male,26,Bachelor's,Electrical Engineering,University of Virginia,3.9,2,64000,Placed
146,Charlotte Ross,Female,24,Bachelor's,Mechanical Engineering,University of California--Santa Cruz,3.4,1,0,Not Placed
147,Owen Brooks,Male,23,Bachelor's,Computer Science,University of California--San Diego,3.7,2,65000,Placed
148,Grace Watson,Female,25,Bachelor's,Electronics and Communication,University of Texas--Austin,3.8,3,66000,Placed
149,Liam Russell,Male,26,Bachelor's,Information Technology,University of California--Los Angeles,3.9,3,67000,Placed
150,Chloe Peterson,Female,24,Bachelor's,Computer Science,University of Michigan--Ann Arbor,3.9,3,68000,Placed
151,Elijah Kelly,Male,23,Bachelor's,Electrical Engineering,University of Pennsylvania,3.7,2,0,Not Placed
152,Anna Cooper,Female,25,Bachelor's,Mechanical Engineering,University of Washington,3.8,3,67000,Placed
153,Lucas Reed,Male,26,Bachelor's,Computer Science,University of California--Berkeley,3.9,3,66000,Placed
154,Sophia Price,Female,24,Bachelor's,Electronics and Communication,University of Illinois--Urbana-Champaign,3.8,3,65000,Placed
155,Mason Parker,Male,23,Bachelor's,Information Technology,University of Colorado--Boulder,3.7,2,66000,Placed
156,Olivia Moore,Female,25,Bachelor's,Computer Science,University of North Carolina--Chapel Hill,3.6,1,0,Not Placed
157,William Hernandez,Male,24,Bachelor's,Information Technology,University of Maryland--College Park,3.7,2,63000,Placed
158,Amelia Rivera,Female,26,Bachelor's,Computer Science,University of Rochester,3.8,3,62000,Placed
159,Ethan Turner,Male,23,Bachelor's,Electrical Engineering,University of California--Santa Cruz,3.7,2,60000,Placed
160,Isabella Perez,Female,25,Bachelor's,Mechanical Engineering,University of Connecticut,3.5,1,61000,Placed
161,Daniel Martinez,Male,24,Bachelor's,Computer Science,University of California--Riverside,3.9,2,0,Not Placed
162,Mia Gonzalez,Female,26,Bachelor's,Electronics and Communication,University of Delaware,3.7,1,65000,Placed
163,Alexander Rodriguez,Male,23,Bachelor's,Information Technology,University of California--San Francisco,3.8,3,66000,Placed
164,Olivia Moore,Female,25,Bachelor's,Computer Science,University of Texas--Dallas,3.6,1,63000,Placed
165,Jack Bailey,Male,26,Bachelor's,Electrical Engineering,University of Virginia,3.9,2,64000,Placed
166,Charlotte Ross,Female,24,Bachelor's,Mechanical Engineering,University of California--Santa Cruz,3.4,1,0,Not Placed
167,Owen Brooks,Male,23,Bachelor's,Computer Science,University of California--San Diego,3.7,2,65000,Placed
168,Grace Watson,Female,25,Bachelor's,Electronics and Communication,University of Texas--Austin,3.8,3,66000,Placed
169,Liam Russell,Male,26,Bachelor's,Information Technology,University of California--Los Angeles,3.9,3,67000,Placed
170,Chloe Peterson,Female,24,Bachelor's,Computer Science,University of Michigan--Ann Arbor,3.9,3,68000,Placed
171,Elijah Kelly,Male,23,Bachelor's,Electrical Engineering,University of Pennsylvania,3.7,2,0,Not Placed
172,Anna Cooper,Female,25,Bachelor's,Mechanical Engineering,University of Washington,3.8,3,67000,Placed
173,Lucas Reed,Male,26,Bachelor's,Computer Science,University of California--Berkeley,3.9,3,66000,Placed
174,Sophia Price,Female,24,Bachelor's,Electronics and Communication,University of Illinois--Urbana-Champaign,3.8,3,65000,Placed
175,Mason Parker,Male,23,Bachelor's,Information Technology,University of Colorado--Boulder,3.7,2,66000,Placed
176,Olivia Moore,Female,25,Bachelor's,Computer Science,University of North Carolina--Chapel Hill,3.6,1,0,Not Placed
177,William Hernandez,Male,24,Bachelor's,Information Technology,University of Maryland--College Park,3.7,2,63000,Placed
178,Amelia Rivera,Female,26,Bachelor's,Computer Science,University of Rochester,3.8,3,62000,Placed
179,Ethan Turner,Male,23,Bachelor's,Electrical Engineering,University of California--Santa Cruz,3.7,2,60000,Placed
180,Isabella Perez,Female,25,Bachelor's,Mechanical Engineering,University of Connecticut,3.5,1,61000,Placed
181,Daniel Martinez,Male,24,Bachelor's,Computer Science,University of California--Riverside,3.9,2,0,Not Placed
182,Mia Gonzalez,Female,26,Bachelor's,Electronics and Communication,University of Delaware,3.7,1,65000,Placed
183,Alexander Rodriguez,Male,23,Bachelor's,Information Technology,University of California--San Francisco,3.8,3,66000,Placed
184,Olivia Moore,Female,25,Bachelor's,Computer Science,University of Texas--Dallas,3.6,1,63000,Placed
185,Jack Bailey,Male,26,Bachelor's,Electrical Engineering,University of Virginia,3.9,2,64000,Placed
186,Charlotte Ross,Female,24,Bachelor's,Mechanical Engineering,University of California--Santa Cruz,3.4,1,0,Not Placed
187,Owen Brooks,Male,23,Bachelor's,Computer Science,University of California--San Diego,3.7,2,65000,Placed
188,Grace Watson,Female,25,Bachelor's,Electronics and Communication,University of Texas--Austin,3.8,3,66000,Placed
189,Emma Brown,Female,23,Bachelor's,Information Technology,University of Maryland--College Park,3.7,2,61000,Placed
190,Noah Garcia,Male,24,Bachelor's,Computer Science,University of Michigan--Ann Arbor,3.8,3,64000,Placed
191,Sophia Martinez,Female,25,Bachelor's,Electrical Engineering,University of California--Los Angeles,3.9,3,66000,Placed
192,Liam Rodriguez,Male,26,Bachelor's,Mechanical Engineering,University of Virginia,3.9,3,67000,Placed
193,Olivia Smith,Female,24,Bachelor's,Electronics and Communication,University of Texas--Austin,3.9,3,68000,Placed
194,Ethan Johnson,Male,23,Bachelor's,Computer Science,University of Pennsylvania,3.7,2,0,Not Placed
195,Ava Williams,Female,25,Bachelor's,Information Technology,University of Washington,3.8,3,67000,Placed
196,Liam Brown,Male,26,Bachelor's,Electrical Engineering,University of California--Berkeley,3.9,3,66000,Placed
197,Amelia Smith,Female,24,Bachelor's,Mechanical Engineering,University of Illinois--Urbana-Champaign,3.8,3,65000,Placed
198,William Garcia,Male,23,Bachelor's,Electronics and Communication,University of Colorado--Boulder,3.7,2,66000,Placed
199,Olivia Brown,Female,25,Bachelor's,Computer Science,University of North Carolina--Chapel Hill,3.6,1,0,Not Placed
200,Elijah Garcia,Male,24,Bachelor's,Information Technology,University of Maryland--College Park,3.7,2,63000,Placed
201,Emma Brown,Female,23,Bachelor's,Computer Science,University of Michigan--Ann Arbor,3.8,3,64000,Placed
202,Noah Garcia,Male,24,Bachelor's,Electrical Engineering,University of California--Los Angeles,3.9,3,66000,Placed
203,Sophia Martinez,Female,25,Bachelor's,Mechanical Engineering,University of Virginia,3.9,3,67000,Placed
204,Liam Rodriguez,Male,26,Bachelor's,Electronics and Communication,University of Texas--Austin,3.9,3,68000,Placed
205,Olivia Smith,Female,24,Bachelor's,Computer Science,University of Pennsylvania,3.7,2,0,Not Placed
206,Ethan Johnson,Male,23,Bachelor's,Information Technology,University of Washington,3.8,3,67000,Placed
207,Ava Williams,Female,25,Bachelor's,Electrical Engineering,University of California--Berkeley,3.9,3,66000,Placed
208,Liam Brown,Male,26,Bachelor's,Mechanical Engineering,University of Illinois--Urbana-Champaign,3.8,3,65000,Placed
209,Amelia Smith,Female,24,Bachelor's,Electronics and Communication,University of Colorado--Boulder,3.7,2,66000,Placed
210,William Garcia,Male,23,Bachelor's,Computer Science,University of North Carolina--Chapel Hill,3.6,1,0,Not Placed
211,Olivia Brown,Female,25,Bachelor's,Information Technology,University of Maryland--College Park,3.7,2,63000,Placed
212,Elijah Garcia,Male,24,Bachelor's,Electrical Engineering,University of Michigan--Ann Arbor,3.8,3,64000,Placed
213,Emma Brown,Female,23,Bachelor's,Mechanical Engineering,University of California--Los Angeles,3.9,3,66000,Placed
214,Noah Garcia,Male,24,Bachelor's,Electronics and Communication,University of Virginia,3.9,3,67000,Placed
215,Sophia Martinez,Female,25,Bachelor's,Computer Science,University of Texas--Austin,3.9,3,68000,Placed
216,Liam Rodriguez,Male,26,Bachelor's,Information Technology,University of Pennsylvania,3.7,2,0,Not Placed
217,Olivia Smith,Female,24,Bachelor's,Electrical Engineering,University of Washington,3.8,3,67000,Placed
218,Ethan Johnson,Male,23,Bachelor's,Mechanical Engineering,University of California--Berkeley,3.9,3,66000,Placed
219,Ava Williams,Female,25,Bachelor's,Electronics and Communication,University of Illinois--Urbana-Champaign,3.8,3,65000,Placed
220,Liam Brown,Male,26,Bachelor's,Computer Science,University of Colorado--Boulder,3.7,2,66000,Placed
221,Amelia Smith,Female,24,Bachelor's,Information Technology,University of North Carolina--Chapel Hill,3.6,1,0,Not Placed
222,William Garcia,Male,23,Bachelor's,Electrical Engineering,University of Maryland--College Park,3.7,2,63000,Placed
223,Olivia Brown,Female,25,Bachelor's,Mechanical Engineering,University of Michigan--Ann Arbor,3.8,3,64000,Placed
224,Elijah Garcia,Male,24,Bachelor's,Electronics and Communication,University of California--Los Angeles,3.9,3,66000,Placed
225,Emma Brown,Female,23,Bachelor's,Computer Science,University of Virginia,3.9,3,67000,Placed
226,Noah Garcia,Male,24,Bachelor's,Information Technology,University of Texas--Austin,3.9,3,68000,Placed
227,Sophia Martinez,Female,25,Bachelor's,Electrical Engineering,University of Pennsylvania,3.7,2,0,Not Placed
228,Liam Rodriguez,Male,26,Bachelor's,Mechanical Engineering,University of Washington,3.8,3,67000,Placed
229,Olivia Smith,Female,24,Bachelor's,Electronics and Communication,University of California--Berkeley,3.9,3,66000,Placed
230,Ethan Johnson,Male,23,Bachelor's,Computer Science,University of Illinois--Urbana-Champaign,3.8,3,65000,Placed
231,Ava Williams,Female,25,Bachelor's,Information Technology,University of Colorado--Boulder,3.7,2,66000,Placed
232,Liam Brown,Male,26,Bachelor's,Electrical Engineering,University of North Carolina--Chapel Hill,3.6,1,0,Not Placed
233,Amelia Smith,Female,24,Bachelor's,Mechanical Engineering,University of Maryland--College Park,3.7,2,63000,Placed
234,William Garcia,Male,23,Bachelor's,Electronics and Communication,University of Michigan--Ann Arbor,3.8,3,64000,Placed
235,Olivia Brown,Female,25,Bachelor's,Computer Science,University of California--Los Angeles,3.9,3,66000,Placed
236,Elijah Garcia,Male,24,Bachelor's,Information Technology,University of Virginia,3.9,3,67000,Placed
237,Emma Brown,Female,23,Bachelor's,Electrical Engineering,University of Texas--Austin,3.9,3,68000,Placed
238,Noah Garcia,Male,24,Bachelor's,Mechanical Engineering,University of Pennsylvania,3.7,2,0,Not Placed
239,Sophia Martinez,Female,25,Bachelor's,Electronics and Communication,University of Washington,3.8,3,67000,Placed
240,Liam Rodriguez,Male,26,Bachelor's,Computer Science,University of California--Berkeley,3.9,3,66000,Placed
241,Olivia Smith,Female,24,Bachelor's,Information Technology,University of Illinois--Urbana-Champaign,3.8,3,65000,Placed
242,Ethan Johnson,Male,23,Bachelor's,Electrical Engineering,University of Colorado--Boulder,3.7,2,66000,Placed
243,Ava Williams,Female,25,Bachelor's,Mechanical Engineering,University of North Carolina--Chapel Hill,3.6,1,0,Not Placed
244,Liam Brown,Male,26,Bachelor's,Electronics and Communication,University of Maryland--College Park,3.7,2,63000,Placed
245,Amelia Smith,Female,24,Bachelor's,Computer Science,University of Michigan--Ann Arbor,3.8,3,64000,Placed
246,William Garcia,Male,23,Bachelor's,Information Technology,University of California--Los Angeles,3.9,3,66000,Placed
247,Olivia Brown,Female,25,Bachelor's,Electrical Engineering,University of Virginia,3.9,3,67000,Placed
248,Elijah Garcia,Male,24,Bachelor's,Mechanical Engineering,University of Texas--Austin,3.9,3,68000,Placed
249,Emma Brown,Female,23,Bachelor's,Electronics and Communication,University of Pennsylvania,3.7,2,0,Not Placed
250,Noah Garcia,Male,24,Bachelor's,Computer Science,University of Washington,3.8,3,67000,Placed
251,Sophia Martinez,Female,25,Bachelor's,Information Technology,University of California--Berkeley,3.9,3,66000,Placed
252,Liam Rodriguez,Male,26,Bachelor's,Electrical Engineering,University of Illinois--Urbana-Champaign,3.8,3,65000,Placed
253,Olivia Smith,Female,24,Bachelor's,Mechanical Engineering,University of Colorado--Boulder,3.7,2,66000,Placed
254,Ethan Johnson,Male,23,Bachelor's,Electronics and Communication,University of North Carolina--Chapel Hill,3.6,1,0,Not Placed
255,Ava Williams,Female,25,Bachelor's,Computer Science,University of Maryland--College Park,3.7,2,63000,Placed
256,Liam Brown,Male,26,Bachelor's,Information Technology,University of Michigan--Ann Arbor,3.8,3,64000,Placed
257,Amelia Smith,Female,24,Bachelor's,Electrical Engineering,University of California--Los Angeles,3.9,3,66000,Placed
258,William Garcia,Male,23,Bachelor's,Mechanical Engineering,University of Virginia,3.9,3,67000,Placed
259,Olivia Brown,Female,25,Bachelor's,Electronics and Communication,University of Texas--Austin,3.9,3,68000,Placed
260,Elijah Garcia,Male,24,Bachelor's,Computer Science,University of Pennsylvania,3.7,2,0,Not Placed
261,Emma Brown,Female,23,Bachelor's,Information Technology,University of Washington,3.8,3,67000,Placed
262,Noah Garcia,Male,24,Bachelor's,Electrical Engineering,University of California--Berkeley,3.9,3,66000,Placed
263,Sophia Martinez,Female,25,Bachelor's,Mechanical Engineering,University of Illinois--Urbana-Champaign,3.8,3,65000,Placed
264,Liam Rodriguez,Male,26,Bachelor's,Electronics and Communication,University of Colorado--Boulder,3.7,2,66000,Placed
265,Olivia Smith,Female,24,Bachelor's,Computer Science,University of North Carolina--Chapel Hill,3.6,1,0,Not Placed
266,Ethan Johnson,Male,23,Bachelor's,Information Technology,University of Maryland--College Park,3.7,2,63000,Placed
267,Ava Williams,Female,25,Bachelor's,Electrical Engineering,University of Michigan--Ann Arbor,3.8,3,64000,Placed
268,Liam Brown,Male,26,Bachelor's,Mechanical Engineering,University of California--Los Angeles,3.9,3,66000,Placed
269,Amelia Smith,Female,24,Bachelor's,Electronics and Communication,University of Virginia,3.9,3,67000,Placed
270,William Garcia,Male,23,Bachelor's,Computer Science,University of Texas--Austin,3.9,3,68000,Placed
271,Olivia Brown,Female,25,Bachelor's,Information Technology,University of Pennsylvania,3.7,2,0,Not Placed
272,Elijah Garcia,Male,24,Bachelor's,Electrical Engineering,University of Washington,3.8,3,67000,Placed
273,Emma Brown,Female,23,Bachelor's,Mechanical Engineering,University of California--Berkeley,3.9,3,66000,Placed
274,Noah Garcia,Male,24,Bachelor's,Electronics and Communication,University of Illinois--Urbana-Champaign,3.8,3,65000,Placed
275,Sophia Martinez,Female,25,Bachelor's,Computer Science,University of Colorado--Boulder,3.7,2,66000,Placed
276,Liam Rodriguez,Male,24,Bachelor's,Computer Science,University of California--San Diego,3.6,2,64000,Placed
277,Emily Watson,Female,25,Bachelor's,Electrical Engineering,University of Texas--Austin,3.7,2,65000,Placed
278,Nathan Garcia,Male,23,Bachelor's,Information Technology,University of California--Los Angeles,3.8,3,67000,Placed
279,Sophia Hernandez,Female,26,Bachelor's,Mechanical Engineering,University of Michigan--Ann Arbor,3.9,3,68000,Placed
280,Oliver Martinez,Male,24,Bachelor's,Computer Science,University of Pennsylvania,3.7,2,0,Not Placed
281,Amelia Lee,Female,25,Bachelor's,Electronics and Communication,University of Washington,3.8,3,67000,Placed
282,Ethan Johnson,Male,23,Bachelor's,Information Technology,University of California--Berkeley,3.9,3,66000,Placed
283,Isabella Smith,Female,26,Bachelor's,Mechanical Engineering,University of Illinois--Urbana-Champaign,3.8,3,65000,Placed
284,Aiden Brown,Male,24,Bachelor's,Computer Science,University of Colorado--Boulder,3.7,2,66000,Placed
285,Sophia Jones,Female,25,Bachelor's,Electrical Engineering,University of North Carolina--Chapel Hill,3.6,1,0,Not Placed
286,Lucas Taylor,Male,23,Bachelor's,Information Technology,University of Maryland--College Park,3.7,2,63000,Placed
287,Emma Martinez,Female,26,Bachelor's,Mechanical Engineering,University of Rochester,3.8,3,62000,Placed
288,Aiden Davis,Male,24,Bachelor's,Computer Science,University of California--Santa Cruz,3.7,2,60000,Placed
289,Mia Wilson,Female,23,Bachelor's,Electronics and Communication,University of Connecticut,3.5,1,61000,Placed
290,Jack Garcia,Male,26,Bachelor's,Information Technology,University of California--Riverside,3.9,2,0,Not Placed
291,Emma Lopez,Female,24,Bachelor's,Mechanical Engineering,University of Delaware,3.7,1,65000,Placed
292,Oliver Rodriguez,Male,23,Bachelor's,Computer Science,University of California--San Francisco,3.8,3,66000,Placed
293,Chloe Hernandez,Female,26,Bachelor's,Electrical Engineering,University of Texas--Dallas,3.6,1,63000,Placed
294,Ava Lee,Female,24,Bachelor's,Information Technology,University of Virginia,3.9,2,64000,Placed
295,Liam Perez,Male,25,Bachelor's,Computer Science,University of California--Los Angeles,3.9,3,67000,Placed
296,Isabella Martinez,Female,23,Bachelor's,Electronics and Communication,University of Michigan--Ann Arbor,3.9,3,68000,Placed
297,Alexander Lee,Male,26,Bachelor's,Information Technology,University of Pennsylvania,3.7,2,0,Not Placed
298,Sophia Johnson,Female,24,Bachelor's,Mechanical Engineering,University of Washington,3.8,3,67000,Placed
299,Lucas Taylor,Male,23,Bachelor's,Computer Science,University of California--Berkeley,3.9,3,66000,Placed
300,Emma Martinez,Female,26,Bachelor's,Electronics and Communication,University of Illinois--Urbana-Champaign,3.8,3,65000,Placed
301,Aiden Davis,Male,24,Bachelor's,Computer Science,University of Colorado--Boulder,3.7,2,66000,Placed
302,Mia Wilson,Female,23,Bachelor's,Electrical Engineering,University of North Carolina--Chapel Hill,3.6,1,0,Not Placed
303,Jack Garcia,Male,26,Bachelor's,Information Technology,University of Maryland--College Park,3.7,2,63000,Placed
304,Emma Lopez,Female,24,Bachelor's,Mechanical Engineering,University of Rochester,3.8,3,62000,Placed
305,Oliver Rodriguez,Male,23,Bachelor's,Computer Science,University of California--Santa Cruz,3.7,2,60000,Placed
306,Chloe Hernandez,Female,26,Bachelor's,Electrical Engineering,University of Connecticut,3.5,1,61000,Placed
307,Ava Lee,Female,24,Bachelor's,Information Technology,University of California--Riverside,3.9,2,0,Not Placed
308,Liam Perez,Male,25,Bachelor's,Computer Science,University of Delaware,3.7,1,65000,Placed
309,Isabella Martinez,Female,23,Bachelor's,Electronics and Communication,University of California--San Francisco,3.8,3,66000,Placed
310,Alexander Lee,Male,26,Bachelor's,Information Technology,University of Texas--Dallas,3.6,1,63000,Placed
311,Sophia Johnson,Female,24,Bachelor's,Mechanical Engineering,University of Virginia,3.9,2,64000,Placed
312,Lucas Taylor,Male,23,Bachelor's,Computer Science,University of California--Los Angeles,3.9,3,67000,Placed
313,Emma Martinez,Female,26,Bachelor's,Electronics and Communication,University of Michigan--Ann Arbor,3.9,3,68000,Placed
314,Aiden Davis,Male,24,Bachelor's,Computer Science,University of Pennsylvania,3.7,2,0,Not Placed
315,Mia Wilson,Female,23,Bachelor's,Electrical Engineering,University of Washington,3.8,3,67000,Placed
316,Jack Garcia,Male,26,Bachelor's,Information Technology,University of California--Berkeley,3.9,3,66000,Placed
317,Emma Lopez,Female,24,Bachelor's,Mechanical Engineering,University of Illinois--Urbana-Champaign,3.8,3,65000,Placed
318,Oliver Rodriguez,Male,23,Bachelor's,Computer Science,University of Colorado--Boulder,3.7,2,66000,Placed
319,Chloe Hernandez,Female,26,Bachelor's,Electrical Engineering,University of North Carolina--Chapel Hill,3.6,1,0,Not Placed
320,Ava Lee,Female,24,Bachelor's,Information Technology,University of Maryland--College Park,3.7,2,63000,Placed
321,Liam Perez,Male,25,Bachelor's,Computer Science,University of Rochester,3.8,3,62000,Placed
322,Isabella Martinez,Female,23,Bachelor's,Electronics and Communication,University of California--Santa Cruz,3.7,2,60000,Placed
323,Alexander Lee,Male,26,Bachelor's,Information Technology,University of Connecticut,3.5,1,61000,Placed
324,Sophia Johnson,Female,24,Bachelor's,Mechanical Engineering,University of California--Riverside,3.9,2,0,Not Placed
325,Lucas Taylor,Male,23,Bachelor's,Computer Science,University of Delaware,3.7,1,65000,Placed
326,Emma Martinez,Female,26,Bachelor's,Electronics and Communication,University of California--San Francisco,3.8,3,66000,Placed
327,Aiden Davis,Male,24,Bachelor's,Computer Science,University of Texas--Dallas,3.6,1,63000,Placed
328,Mia Wilson,Female,23,Bachelor's,Electrical Engineering,University of Virginia,3.9,2,64000,Placed
329,Jack Garcia,Male,26,Bachelor's,Information Technology,University of Michigan--Ann Arbor,3.9,3,67000,Placed
330,Emma Lopez,Female,24,Bachelor's,Mechanical Engineering,University of Pennsylvania,3.7,2,0,Not Placed
331,Oliver Rodriguez,Male,23,Bachelor's,Computer Science,University of Washington,3.8,3,67000,Placed
332,Chloe Hernandez,Female,26,Bachelor's,Electrical Engineering,University of California--Los Angeles,3.9,3,66000,Placed
333,Ava Lee,Female,24,Bachelor's,Information Technology,University of California--Berkeley,3.9,3,65000,Placed
334,Liam Perez,Male,25,Bachelor's,Computer Science,University of Illinois--Urbana-Champaign,3.8,3,65000,Placed
335,Isabella Martinez,Female,23,Bachelor's,Electronics and Communication,University of Colorado--Boulder,3.7,2,66000,Placed
336,Alexander Lee,Male,26,Bachelor's,Information Technology,University of North Carolina--Chapel Hill,3.6,1,0,Not Placed
337,Sophia Johnson,Female,24,Bachelor's,Mechanical Engineering,University of Maryland--College Park,3.7,2,63000,Placed
338,Lucas Taylor,Male,23,Bachelor's,Computer Science,University of Rochester,3.8,3,62000,Placed
339,Emma Martinez,Female,26,Bachelor's,Electronics and Communication,University of California--Santa Cruz,3.7,2,60000,Placed
340,Aiden Davis,Male,24,Bachelor's,Computer Science,University of Connecticut,3.5,1,61000,Placed
341,Mia Wilson,Female,23,Bachelor's,Electrical Engineering,University of California--Riverside,3.9,2,0,Not Placed
342,Jack Garcia,Male,26,Bachelor's,Information Technology,University of Delaware,3.7,1,65000,Placed
343,Emma Lopez,Female,24,Bachelor's,Mechanical Engineering,University of California--San Francisco,3.8,3,66000,Placed
344,Oliver Rodriguez,Male,23,Bachelor's,Computer Science,University of Texas--Dallas,3.6,1,63000,Placed
345,Chloe Hernandez,Female,26,Bachelor's,Electrical Engineering,University of Virginia,3.9,2,64000,Placed
346,Ava Lee,Female,24,Bachelor's,Information Technology,University of Michigan--Ann Arbor,3.9,3,67000,Placed
347,Liam Perez,Male,25,Bachelor's,Computer Science,University of Pennsylvania,3.7,2,0,Not Placed
348,Isabella Martinez,Female,23,Bachelor's,Electronics and Communication,University of Washington,3.8,3,67000,Placed
349,Alexander Lee,Male,26,Bachelor's,Information Technology,University of California--Berkeley,3.9,3,66000,Placed
350,Sophia Johnson,Female,24,Bachelor's,Mechanical Engineering,University of Illinois--Urbana-Champaign,3.8,3,65000,Placed
351,Lucas Taylor,Male,23,Bachelor's,Computer Science,University of Colorado--Boulder,3.7,2,66000,Placed
352,Emma Martinez,Female,26,Bachelor's,Electronics and Communication,University of North Carolina--Chapel Hill,3.6,1,0,Not Placed
353,Aiden Davis,Male,24,Bachelor's,Computer Science,University of Maryland--College Park,3.7,2,63000,Placed
354,Mia Wilson,Female,23,Bachelor's,Electrical Engineering,University of Rochester,3.8,3,62000,Placed
355,Jack Garcia,Male,26,Bachelor's,Information Technology,University of California--Santa Cruz,3.7,2,60000,Placed
356,Emma Lopez,Female,24,Bachelor's,Mechanical Engineering,University of Connecticut,3.5,1,61000,Placed
357,Oliver Rodriguez,Male,23,Bachelor's,Computer Science,University of California--Riverside,3.9,2,0,Not Placed
358,Chloe Hernandez,Female,26,Bachelor's,Electrical Engineering,University of Delaware,3.7,1,65000,Placed
359,Ava Lee,Female,24,Bachelor's,Information Technology,University of California--San Francisco,3.8,3,66000,Placed
360,Liam Perez,Male,25,Bachelor's,Computer Science,University of Texas--Dallas,3.6,1,63000,Placed
361,Isabella Martinez,Female,23,Bachelor's,Electronics and Communication,University of Virginia,3.9,2,64000,Placed
362,Alexander Lee,Male,26,Bachelor's,Information Technology,University of Michigan--Ann Arbor,3.9,3,67000,Placed
363,Sophia Johnson,Female,24,Bachelor's,Mechanical Engineering,University of Pennsylvania,3.7,2,0,Not Placed
364,Lucas Taylor,Male,23,Bachelor's,Computer Science,University of Washington,3.8,3,67000,Placed
365,Emma Martinez,Female,26,Bachelor's,Electronics and Communication,University of California--Berkeley,3.9,3,66000,Placed
366,Aiden Davis,Male,24,Bachelor's,Computer Science,University of Illinois--Urbana-Champaign,3.8,3,65000,Placed
367,Mia Wilson,Female,23,Bachelor's,Electrical Engineering,University of Colorado--Boulder,3.7,2,66000,Placed
368,Jack Garcia,Male,26,Bachelor's,Information Technology,University of North Carolina--Chapel Hill,3.6,1,0,Not Placed
369,Emma Lopez,Female,24,Bachelor's,Mechanical Engineering,University of Maryland--College Park,3.7,2,63000,Placed
370,Oliver Rodriguez,Male,23,Bachelor's,Computer Science,University of Rochester,3.8,3,62000,Placed
371,Chloe Hernandez,Female,26,Bachelor's,Electrical Engineering,University of California--Santa Cruz,3.7,2,60000,Placed
372,Ava Lee,Female,24,Bachelor's,Information Technology,University of Connecticut,3.5,1,61000,Placed
373,Liam Perez,Male,25,Bachelor's,Computer Science,University of California--Riverside,3.9,2,0,Not Placed
374,Isabella Martinez,Female,23,Bachelor's,Electronics and Communication,University of Delaware,3.7,1,65000,Placed
375,Alexander Lee,Male,26,Bachelor's,Information Technology,University of California--San Francisco,3.8,3,66000,Placed
376,Sophia Johnson,Female,24,Bachelor's,Mechanical Engineering,University of Texas--Dallas,3.6,1,63000,Placed
377,Lucas Taylor,Male,23,Bachelor's,Computer Science,University of Michigan--Ann Arbor,3.9,2,64000,Placed
378,Emma Martinez,Female,26,Bachelor's,Electronics and Communication,University of Virginia,3.9,3,67000,Placed
379,Aiden Davis,Male,24,Bachelor's,Computer Science,University of California--Los Angeles,3.8,3,67000,Placed
380,Mia Wilson,Female,23,Bachelor's,Electrical Engineering,University of California--Berkeley,3.7,2,66000,Placed
381,Jack Garcia,Male,26,Bachelor's,Information Technology,University of Illinois--Urbana-Champaign,3.8,3,65000,Placed
382,Emma Lopez,Female,24,Bachelor's,Mechanical Engineering,University of Colorado--Boulder,3.7,2,66000,Placed
383,Oliver Rodriguez,Male,23,Bachelor's,Computer Science,University of North Carolina--Chapel Hill,3.6,1,0,Not Placed
384,Chloe Hernandez,Female,26,Bachelor's,Electrical Engineering,University of Maryland--College Park,3.7,2,63000,Placed
385,Ava Lee,Female,24,Bachelor's,Information Technology,University of Rochester,3.8,3,62000,Placed
386,Liam Perez,Male,25,Bachelor's,Computer Science,University of California--Santa Cruz,3.7,2,60000,Placed
387,Isabella Martinez,Female,23,Bachelor's,Electronics and Communication,University of Connecticut,3.5,1,61000,Placed
388,Alexander Lee,Male,26,Bachelor's,Information Technology,University of California--Riverside,3.9,2,0,Not Placed
389,Sophia Johnson,Female,24,Bachelor's,Mechanical Engineering,University of Delaware,3.7,1,65000,Placed
390,Lucas Taylor,Male,23,Bachelor's,Computer Science,University of California--San Francisco,3.8,3,66000,Placed
391,Emma Martinez,Female,26,Bachelor's,Electronics and Communication,University of Texas--Dallas,3.6,1,63000,Placed
392,Aiden Davis,Male,24,Bachelor's,Computer Science,University of Virginia,3.9,2,64000,Placed
393,Mia Wilson,Female,23,Bachelor's,Electrical Engineering,University of Michigan--Ann Arbor,3.9,3,67000,Placed
394,Jack Garcia,Male,26,Bachelor's,Information Technology,University of Pennsylvania,3.7,2,0,Not Placed
395,Emma Lopez,Female,24,Bachelor's,Mechanical Engineering,University of Washington,3.8,3,67000,Placed
396,Oliver Rodriguez,Male,23,Bachelor's,Computer Science,University of California--Berkeley,3.9,3,66000,Placed
397,Chloe Hernandez,Female,26,Bachelor's,Electrical Engineering,University of Illinois--Urbana-Champaign,3.8,3,65000,Placed
398,Ava Lee,Female,24,Bachelor's,Information Technology,University of Colorado--Boulder,3.7,2,66000,Placed
399,Liam Perez,Male,25,Bachelor's,Computer Science,University of North Carolina--Chapel Hill,3.6,1,0,Not Placed
400,Isabella Martinez,Female,23,Bachelor's,Electronics and Communication,University of Maryland--College Park,3.7,2,63000,Placed
401,Alexander Lee,Male,26,Bachelor's,Information Technology,University of Rochester,3.8,3,62000,Placed
402,Sophia Johnson,Female,24,Bachelor's,Mechanical Engineering,University of California--Santa Cruz,3.7,2,60000,Placed
403,Lucas Taylor,Male,23,Bachelor's,Computer Science,University of Connecticut,3.5,1,61000,Placed
404,Emma Martinez,Female,26,Bachelor's,Electrical Engineering,University of California--Riverside,3.9,2,0,Not Placed
405,Aiden Davis,Male,24,Bachelor's,Computer Science,University of Delaware,3.7,1,65000,Placed
406,Mia Wilson,Female,23,Bachelor's,Electronics and Communication,University of California--San Francisco,3.8,3,66000,Placed
407,Jack Garcia,Male,26,Bachelor's,Information Technology,University of Texas--Dallas,3.6,1,63000,Placed
408,Emma Lopez,Female,24,Bachelor's,Mechanical Engineering,University of Virginia,3.9,2,64000,Placed
409,Oliver Rodriguez,Male,23,Bachelor's,Computer Science,University of Michigan--Ann Arbor,3.9,3,67000,Placed
410,Chloe Hernandez,Female,26,Bachelor's,Electrical Engineering,University of Pennsylvania,3.7,2,0,Not Placed
411,Ava Lee,Female,24,Bachelor's,Information Technology,University of Washington,3.8,3,67000,Placed
412,Liam Perez,Male,25,Bachelor's,Computer Science,University of California--Berkeley,3.9,3,66000,Placed
413,Isabella Martinez,Female,23,Bachelor's,Electronics and Communication,University of Illinois--Urbana-Champaign,3.8,3,65000,Placed
414,Alexander Lee,Male,26,Bachelor's,Information Technology,University of Colorado--Boulder,3.7,2,66000,Placed
415,Sophia Johnson,Female,24,Bachelor's,Mechanical Engineering,University of North Carolina--Chapel Hill,3.6,1,0,Not Placed
416,Lucas Taylor,Male,23,Bachelor's,Computer Science,University of Maryland--College Park,3.7,2,63000,Placed
417,Emma Martinez,Female,26,Bachelor's,Electronics and Communication,University of Rochester,3.8,3,62000,Placed
418,Aiden Davis,Male,24,Bachelor's,Computer Science,University of California--Santa Cruz,3.7,2,60000,Placed
419,Mia Wilson,Female,23,Bachelor's,Electrical Engineering,University of Connecticut,3.5,1,61000,Placed
420,Jack Garcia,Male,26,Bachelor's,Information Technology,University of California--Riverside,3.9,2,0,Not Placed
421,Emma Lopez,Female,24,Bachelor's,Mechanical Engineering,University of Delaware,3.7,1,65000,Placed
422,Oliver Rodriguez,Male,23,Bachelor's,Computer Science,University of California--San Francisco,3.8,3,66000,Placed
423,Chloe Hernandez,Female,26,Bachelor's,Electrical Engineering,University of Texas--Dallas,3.6,1,63000,Placed
424,Ava Lee,Female,24,Bachelor's,Information Technology,University of Virginia,3.9,2,64000,Placed
425,Liam Perez,Male,25,Bachelor's,Computer Science,University of Michigan--Ann Arbor,3.9,3,67000,Placed
426,Isabella Martinez,Female,23,Bachelor's,Electronics and Communication,University of Pennsylvania,3.7,2,0,Not Placed
427,Alexander Lee,Male,26,Bachelor's,Information Technology,University of Washington,3.8,3,67000,Placed
428,Sophia Johnson,Female,24,Bachelor's,Mechanical Engineering,University of California--Berkeley,3.9,3,66000,Placed
429,Lucas Taylor,Male,23,Bachelor's,Computer Science,University of Illinois--Urbana-Champaign,3.8,3,65000,Placed
430,Emma Martinez,Female,26,Bachelor's,Electronics and Communication,University of Colorado--Boulder,3.7,2,66000,Placed
431,Aiden Davis,Male,24,Bachelor's,Computer Science,University of North Carolina--Chapel Hill,3.6,1,0,Not Placed
432,Mia Wilson,Female,23,Bachelor's,Electrical Engineering,University of Maryland--College Park,3.7,2,63000,Placed
433,Jack Garcia,Male,26,Bachelor's,Information Technology,University of Rochester,3.8,3,62000,Placed
434,Emma Lopez,Female,24,Bachelor's,Mechanical Engineering,University of California--Santa Cruz,3.7,2,60000,Placed
435,Oliver Rodriguez,Male,23,Bachelor's,Computer Science,University of Connecticut,3.5,1,61000,Placed
436,Chloe Hernandez,Female,26,Bachelor's,Electrical Engineering,University of California--Riverside,3.9,2,0,Not Placed
437,Ava Lee,Female,24,Bachelor's,Information Technology,University of Delaware,3.7,1,65000,Placed
438,Liam Perez,Male,25,Bachelor's,Computer Science,University of California--San Francisco,3.8,3,66000,Placed
439,Isabella Martinez,Female,23,Bachelor's,Electronics and Communication,University of Texas--Dallas,3.6,1,63000,Placed
440,Alexander Lee,Male,26,Bachelor's,Information Technology,University of Virginia,3.9,2,64000,Placed
441,Sophia Johnson,Female,24,Bachelor's,Mechanical Engineering,University of Michigan--Ann Arbor,3.9,3,67000,Placed
442,Lucas Taylor,Male,23,Bachelor's,Computer Science,University of Pennsylvania,3.7,2,0,Not Placed
443,Emma Martinez,Female,26,Bachelor's,Electronics and Communication,University of Washington,3.8,3,67000,Placed
444,Aiden Davis,Male,24,Bachelor's,Computer Science,University of California--Berkeley,3.9,3,66000,Placed
445,Mia Wilson,Female,23,Bachelor's,Electrical Engineering,University of Illinois--Urbana-Champaign,3.8,3,65000,Placed
446,Jack Garcia,Male,26,Bachelor's,Information Technology,University of Colorado--Boulder,3.7,2,66000,Placed
447,Emma Lopez,Female,24,Bachelor's,Mechanical Engineering,University of North Carolina--Chapel Hill,3.6,1,0,Not Placed
448,Oliver Rodriguez,Male,23,Bachelor's,Computer Science,University of Maryland--College Park,3.7,2,63000,Placed
449,Chloe Hernandez,Female,26,Bachelor's,Electrical Engineering,University of Rochester,3.8,3,62000,Placed
450,Ava Lee,Female,24,Bachelor's,Information Technology,University of California--Santa Cruz,3.7,2,60000,Placed
451,Liam Perez,Male,25,Bachelor's,Computer Science,University of Connecticut,3.5,1,61000,Placed
452,Isabella Martinez,Female,23,Bachelor's,Electronics and Communication,University of California--Riverside,3.9,2,0,Not Placed
453,Alexander Lee,Male,26,Bachelor's,Information Technology,University of Delaware,3.7,1,65000,Placed
454,Sophia Johnson,Female,24,Bachelor's,Mechanical Engineering,University of California--San Francisco,3.8,3,66000,Placed
455,Lucas Taylor,Male,23,Bachelor's,Computer Science,University of Texas--Dallas,3.6,1,63000,Placed
456,Emma Martinez,Female,26,Bachelor's,Electronics and Communication,University of Virginia,3.9,2,64000,Placed
457,Aiden Davis,Male,24,Bachelor's,Computer Science,University of Michigan--Ann Arbor,3.9,3,67000,Placed
458,Mia Wilson,Female,23,Bachelor's,Electrical Engineering,University of Pennsylvania,3.7,2,0,Not Placed
459,Jack Garcia,Male,26,Bachelor's,Information Technology,University of Washington,3.8,3,67000,Placed
460,Emma Lopez,Female,24,Bachelor's,Mechanical Engineering,University of California--Berkeley,3.9,3,66000,Placed
461,Oliver Rodriguez,Male,23,Bachelor's,Computer Science,University of Illinois--Urbana-Champaign,3.8,3,65000,Placed
462,Chloe Hernandez,Female,26,Bachelor's,Electrical Engineering,University of Colorado--Boulder,3.7,2,66000,Placed
463,Ava Lee,Female,24,Bachelor's,Information Technology,University of North Carolina--Chapel Hill,3.6,1,0,Not Placed
464,Liam Perez,Male,25,Bachelor's,Computer Science,University of Maryland--College Park,3.7,2,63000,Placed
465,Isabella Martinez,Female,23,Bachelor's,Electronics and Communication,University of Rochester,3.8,3,62000,Placed
466,Alexander Lee,Male,26,Bachelor's,Information Technology,University of California--Santa Cruz,3.7,2,60000,Placed
467,Sophia Johnson,Female,24,Bachelor's,Mechanical Engineering,University of Connecticut,3.5,1,61000,Placed
468,Lucas Taylor,Male,23,Bachelor's,Computer Science,University of California--Riverside,3.9,2,0,Not Placed
469,Emma Martinez,Female,26,Bachelor's,Electronics and Communication,University of Delaware,3.7,1,65000,Placed
470,Aiden Davis,Male,24,Bachelor's,Computer Science,University of California--San Francisco,3.8,3,66000,Placed
471,Mia Wilson,Female,23,Bachelor's,Electrical Engineering,University of Texas--Dallas,3.6,1,63000,Placed
472,Jack Garcia,Male,26,Bachelor's,Information Technology,University of Virginia,3.9,2,64000,Placed
473,Emma Lopez,Female,24,Bachelor's,Mechanical Engineering,University of Michigan--Ann Arbor,3.9,3,67000,Placed
474,Oliver Rodriguez,Male,23,Bachelor's,Computer Science,University of Pennsylvania,3.7,2,0,Not Placed
475,Chloe Hernandez,Female,26,Bachelor's,Electrical Engineering,University of Washington,3.8,3,67000,Placed
476,Ava Lee,Female,24,Bachelor's,Information Technology,University of California--Berkeley,3.9,3,66000,Placed
477,Liam Perez,Male,25,Bachelor's,Computer Science,University of Illinois--Urbana-Champaign,3.8,3,65000,Placed
478,Isabella Martinez,Female,23,Bachelor's,Electronics and Communication,University of Colorado--Boulder,3.7,2,66000,Placed
479,Alexander Lee,Male,26,Bachelor's,Information Technology,University of North Carolina--Chapel Hill,3.6,1,0,Not Placed
480,Sophia Johnson,Female,24,Bachelor's,Mechanical Engineering,University of Maryland--College Park,3.7,2,63000,Placed
481,Lucas Taylor,Male,23,Bachelor's,Computer Science,University of Rochester,3.8,3,62000,Placed
482,Emma Martinez,Female,26,Bachelor's,Electronics and Communication,University of California--Santa Cruz,3.7,2,60000,Placed
483,Aiden Davis,Male,24,Bachelor's,Computer Science,University of Connecticut,3.5,1,61000,Placed
484,Mia Wilson,Female,23,Bachelor's,Electrical Engineering,University of California--Riverside,3.9,2,0,Not Placed
485,Jack Garcia,Male,26,Bachelor's,Information Technology,University of Delaware,3.7,1,65000,Placed
486,Emma Lopez,Female,24,Bachelor's,Mechanical Engineering,University of California--San Francisco,3.8,3,66000,Placed
487,Oliver Rodriguez,Male,23,Bachelor's,Computer Science,University of Texas--Dallas,3.6,1,63000,Placed
488,Chloe Hernandez,Female,26,Bachelor's,Electrical Engineering,University of Virginia,3.9,2,64000,Placed
489,Ava Lee,Female,24,Bachelor's,Information Technology,University of Michigan--Ann Arbor,3.9,3,67000,Placed
490,Liam Perez,Male,25,Bachelor's,Computer Science,University of Pennsylvania,3.7,2,0,Not Placed
491,Isabella Martinez,Female,23,Bachelor's,Electronics and Communication,University of Washington,3.8,3,67000,Placed
492,Alexander Lee,Male,26,Bachelor's,Information Technology,University of California--Berkeley,3.9,3,66000,Placed
493,Sophia Johnson,Female,24,Bachelor's,Mechanical Engineering,University of Illinois--Urbana-Champaign,3.8,3,65000,Placed
494,Lucas Taylor,Male,23,Bachelor's,Computer Science,University of Colorado--Boulder,3.7,2,66000,Placed
495,Emma Martinez,Female,26,Bachelor's,Electronics and Communication,University of North Carolina--Chapel Hill,3.6,1,0,Not Placed
496,Aiden Davis,Male,24,Bachelor's,Computer Science,University of Maryland--College Park,3.7,2,63000,Placed
497,Mia Wilson,Female,23,Bachelor's,Electrical Engineering,University of Rochester,3.8,3,62000,Placed
498,Jack Garcia,Male,26,Bachelor's,Information Technology,University of California--Santa Cruz,3.7,2,60000,Placed
499,Emma Lopez,Female,24,Bachelor's,Mechanical Engineering,University of Connecticut,3.5,1,61000,Placed
500,Oliver Rodriguez,Male,23,Bachelor's,Computer Science,University of California--Riverside,3.9,2,0,Not Placed
501,Chloe Hernandez,Female,26,Bachelor's,Electrical Engineering,University of Delaware,3.7,1,65000,Placed
502,Ava Lee,Female,24,Bachelor's,Information Technology,University of California--San Francisco,3.8,3,66000,Placed
503,Liam Perez,Male,25,Bachelor's,Computer Science,University of Texas--Dallas,3.6,1,63000,Placed
504,Isabella Martinez,Female,23,Bachelor's,Electronics and Communication,University of Virginia,3.9,2,64000,Placed
505,Alexander Lee,Male,26,Bachelor's,Information Technology,University of Michigan--Ann Arbor,3.9,3,67000,Placed
506,Sophia Johnson,Female,24,Bachelor's,Mechanical Engineering,University of Pennsylvania,3.7,2,0,Not Placed
507,Lucas Taylor,Male,23,Bachelor's,Computer Science,University of Washington,3.8,3,67000,Placed
508,Emma Martinez,Female,26,Bachelor's,Electronics and Communication,University of California--Berkeley,3.9,3,66000,Placed
509,Aiden Davis,Male,24,Bachelor's,Computer Science,University of Illinois--Urbana-Champaign,3.8,3,65000,Placed
510,Mia Wilson,Female,23,Bachelor's,Electrical Engineering,University of Colorado--Boulder,3.7,2,66000,Placed
511,Jack Garcia,Male,26,Bachelor's,Information Technology,University of North Carolina--Chapel Hill,3.6,1,0,Not Placed
512,Emma Lopez,Female,24,Bachelor's,Mechanical Engineering,University of Maryland--College Park,3.7,2,63000,Placed
513,Oliver Rodriguez,Male,23,Bachelor's,Computer Science,University of Rochester,3.8,3,62000,Placed
514,Chloe Hernandez,Female,26,Bachelor's,Electrical Engineering,University of California--Santa Cruz,3.7,2,60000,Placed
515,Ava Lee,Female,24,Bachelor's,Information Technology,University of Connecticut,3.5,1,61000,Placed
516,Liam Perez,Male,25,Bachelor's,Computer Science,University of California--Riverside,3.9,2,0,Not Placed
517,Isabella Martinez,Female,23,Bachelor's,Electronics and Communication,University of Delaware,3.7,1,65000,Placed
518,Alexander Lee,Male,26,Bachelor's,Information Technology,University of California--San Francisco,3.8,3,66000,Placed
519,Sophia Johnson,Female,24,Bachelor's,Mechanical Engineering,University of Texas--Dallas,3.6,1,63000,Placed
520,Lucas Taylor,Male,23,Bachelor's,Computer Science,University of Michigan--Ann Arbor,3.9,2,64000,Placed
521,Emma Martinez,Female,26,Bachelor's,Electronics and Communication,University of Virginia,3.9,3,67000,Placed
522,Aiden Davis,Male,24,Bachelor's,Computer Science,University of California--Los Angeles,3.8,3,67000,Placed
523,Mia Wilson,Female,23,Bachelor's,Electrical Engineering,University of California--Berkeley,3.7,2,66000,Placed
524,Jack Garcia,Male,26,Bachelor's,Information Technology,University of Illinois--Urbana-Champaign,3.8,3,65000,Placed
525,Emma Lopez,Female,24,Bachelor's,Mechanical Engineering,University of Colorado--Boulder,3.7,2,66000,Placed
526,Oliver Rodriguez,Male,23,Bachelor's,Computer Science,University of North Carolina--Chapel Hill,3.6,1,0,Not Placed
527,Chloe Hernandez,Female,26,Bachelor's,Electrical Engineering,University of Maryland--College Park,3.7,2,63000,Placed
528,Ava Lee,Female,24,Bachelor's,Information Technology,University of Rochester,3.8,3,62000,Placed
529,Liam Perez,Male,25,Bachelor's,Computer Science,University of California--Santa Cruz,3.7,2,60000,Placed
530,Isabella Martinez,Female,23,Bachelor's,Electronics and Communication,University of Connecticut,3.5,1,61000,Placed
531,Alexander Lee,Male,26,Bachelor's,Information Technology,University of California--Riverside,3.9,2,0,Not Placed
532,Sophia Johnson,Female,24,Bachelor's,Mechanical Engineering,University of Delaware,3.7,1,65000,Placed
533,Lucas Taylor,Male,23,Bachelor's,Computer Science,University of California--San Francisco,3.8,3,66000,Placed
534,Emma Martinez,Female,26,Bachelor's,Electronics and Communication,University of Texas--Dallas,3.6,1,63000,Placed
535,Aiden Davis,Male,24,Bachelor's,Computer Science,University of Virginia,3.9,2,64000,Placed
536,Mia Wilson,Female,23,Bachelor's,Electrical Engineering,University of Michigan--Ann Arbor,3.9,3,67000,Placed
537,Jack Garcia,Male,26,Bachelor's,Information Technology,University of Pennsylvania,3.7,2,0,Not Placed
538,Emma Lopez,Female,24,Bachelor's,Mechanical Engineering,University of Washington,3.8,3,67000,Placed
539,Oliver Rodriguez,Male,23,Bachelor's,Computer Science,University of California--Berkeley,3.9,3,66000,Placed
540,Chloe Hernandez,Female,26,Bachelor's,Electrical Engineering,University of Illinois--Urbana-Champaign,3.8,3,65000,Placed
541,Ava Lee,Female,24,Bachelor's,Information Technology,University of Colorado--Boulder,3.7,2,66000,Placed
542,Liam Perez,Male,25,Bachelor's,Computer Science,University of North Carolina--Chapel Hill,3.6,1,0,Not Placed
543,Isabella Martinez,Female,23,Bachelor's,Electronics and Communication,University of Maryland--College Park,3.7,2,63000,Placed
544,Alexander Lee,Male,26,Bachelor's,Information Technology,University of Rochester,3.8,3,62000,Placed
545,Sophia Johnson,Female,24,Bachelor's,Mechanical Engineering,University of California--Santa Cruz,3.7,,60000,Placed
546,Lucas Taylor,Male,23,Bachelor's,Computer Science,University of California--Riverside,3.9,2,0,Not Placed
547,Emma Martinez,Female,26,Bachelor's,Electronics and Communication,University of Delaware,3.7,1,65000,Placed
548,Aiden Davis,Male,24,Bachelor's,Computer Science,University of California--San Francisco,3.8,3,66000,Placed
549,Mia Wilson,Female,23,Bachelor's,Electrical Engineering,University of Texas--Dallas,3.6,1,63000,Placed
550,Jack Garcia,Male,26,Bachelor's,Information Technology,University of Virginia,3.9,2,64000,Placed
551,Emma Lopez,Female,24,Bachelor's,Mechanical Engineering,University of Michigan--Ann Arbor,3.9,3,67000,Placed
552,Oliver Rodriguez,Male,23,Bachelor's,Computer Science,University of Pennsylvania,3.7,2,0,Not Placed
553,Chloe Hernandez,Female,26,Bachelor's,Electrical Engineering,University of Washington,3.8,3,67000,Placed
554,Ava Lee,Female,24,Bachelor's,Information Technology,University of California--Berkeley,3.9,3,66000,Placed
555,Liam Perez,Male,25,Bachelor's,Computer Science,University of Illinois--Urbana-Champaign,3.8,3,65000,Placed
556,Isabella Martinez,Female,23,Bachelor's,Electronics and Communication,University of Colorado--Boulder,3.7,2,66000,Placed
557,Alexander Lee,Male,26,Bachelor's,Information Technology,University of North Carolina--Chapel Hill,3.6,1,0,Not Placed
558,Sophia Johnson,Female,24,Bachelor's,Mechanical Engineering,University of Maryland--College Park,3.7,2,63000,Placed
559,Lucas Taylor,Male,23,Bachelor's,Computer Science,University of Rochester,3.8,3,62000,Placed
560,Emma Martinez,Female,26,Bachelor's,Electronics and Communication,University of California--Santa Cruz,3.7,2,60000,Placed
561,Aiden Davis,Male,24,Bachelor's,Computer Science,University of Connecticut,3.5,1,61000,Placed
562,Mia Wilson,Female,23,Bachelor's,Electrical Engineering,University of California--Riverside,3.9,2,0,Not Placed
563,Jack Garcia,Male,26,Bachelor's,Information Technology,University of Delaware,3.7,1,65000,Placed
564,Emma Lopez,Female,24,Bachelor's,Mechanical Engineering,University of California--San Francisco,3.8,3,66000,Placed
565,Oliver Rodriguez,Male,23,Bachelor's,Computer Science,University of Texas--Dallas,3.6,1,63000,Placed
566,Chloe Hernandez,Female,26,Bachelor's,Electrical Engineering,University of Virginia,3.9,2,64000,Placed
567,Ava Lee,Female,24,Bachelor's,Information Technology,University of Michigan--Ann Arbor,3.9,3,67000,Placed
568,Liam Perez,Male,25,Bachelor's,Computer Science,University of Pennsylvania,3.7,2,0,Not Placed
569,Isabella Martinez,Female,23,Bachelor's,Electronics and Communication,University of Washington,3.8,3,67000,Placed
570,Alexander Lee,Male,26,Bachelor's,Information Technology,University of California--Berkeley,3.9,3,66000,Placed
571,Sophia Johnson,Female,24,Bachelor's,Mechanical Engineering,University of Illinois--Urbana-Champaign,3.8,3,65000,Placed
572,Lucas Taylor,Male,23,Bachelor's,Computer Science,University of Colorado--Boulder,3.7,2,66000,Placed
573,Emma Martinez,Female,26,Bachelor's,Electronics and Communication,University of North Carolina--Chapel Hill,3.6,1,0,Not Placed
574,Aiden Davis,Male,24,Bachelor's,Computer Science,University of Maryland--College Park,3.7,2,63000,Placed
575,Mia Wilson,Female,23,Bachelor's,Electrical Engineering,University of Rochester,3.8,3,62000,Placed
576,Jack Garcia,Male,26,Bachelor's,Information Technology,University of California--Santa Cruz,3.7,2,60000,Placed
577,Emma Lopez,Female,24,Bachelor's,Mechanical Engineering,University of Connecticut,3.5,1,61000,Placed
578,Oliver Rodriguez,Male,23,Bachelor's,Computer Science,University of California--Riverside,3.9,2,0,Not Placed
579,Chloe Hernandez,Female,26,Bachelor's,Electrical Engineering,University of Delaware,3.7,1,65000,Placed
580,Ava Lee,Female,24,Bachelor's,Information Technology,University of California--San Francisco,3.8,3,66000,Placed
581,Liam Perez,Male,25,Bachelor's,Computer Science,University of Texas--Dallas,3.6,1,63000,Placed
582,Isabella Martinez,Female,23,Bachelor's,Electronics and Communication,University of Virginia,3.9,2,64000,Placed
583,Alexander Lee,Male,26,Bachelor's,Information Technology,University of Michigan--Ann Arbor,3.9,3,67000,Placed
584,Sophia Johnson,Female,24,Bachelor's,Mechanical Engineering,University of Pennsylvania,3.7,2,0,Not Placed
585,Lucas Taylor,Male,23,Bachelor's,Computer Science,University of Washington,3.8,3,67000,Placed
586,Emma Martinez,Female,26,Bachelor's,Electronics and Communication,University of California--Berkeley,3.9,3,66000,Placed
587,Aiden Davis,Male,24,Bachelor's,Computer Science,University of Illinois--Urbana-Champaign,3.8,3,65000,Placed
588,Mia Wilson,Female,23,Bachelor's,Electrical Engineering,University of Colorado--Boulder,3.7,2,66000,Placed
589,Jack Garcia,Male,26,Bachelor's,Information Technology,University of North Carolina--Chapel Hill,3.6,1,0,Not Placed
590,Emma Lopez,Female,24,Bachelor's,Mechanical Engineering,University of Maryland--College Park,3.7,2,63000,Placed
591,Oliver Rodriguez,Male,23,Bachelor's,Computer Science,University of Rochester,3.8,3,62000,Placed
592,Chloe Hernandez,Female,26,Bachelor's,Electrical Engineering,University of California--Santa Cruz,3.7,2,60000,Placed
593,Ava Lee,Female,24,Bachelor's,Information Technology,University of Connecticut,3.5,1,61000,Placed
594,Liam Perez,Male,25,Bachelor's,Computer Science,University of California--Riverside,3.9,2,0,Not Placed
595,Isabella Martinez,Female,23,Bachelor's,Electronics and Communication,University of Delaware,3.7,1,65000,Placed
596,Alexander Lee,Male,26,Bachelor's,Information Technology,University of California--San Francisco,3.8,3,66000,Placed
597,Sophia Johnson,Female,24,Bachelor's,Mechanical Engineering,University of Texas--Dallas,3.6,1,63000,Placed
598,Lucas Taylor,Male,23,Bachelor's,Computer Science,University of Michigan--Ann Arbor,3.9,2,64000,Placed
599,Emma Martinez,Female,26,Bachelor's,Electronics and Communication,University of Virginia,3.9,3,67000,Placed
600,Aiden Davis,Male,24,Bachelor's,Computer Science,University of California--Los Angeles,3.8,3,67000,Placed
601,Mia Wilson,Female,23,Bachelor's,Electrical Engineering,University of California--Berkeley,3.7,2,66000,Placed
602,Jack Garcia,Male,26,Bachelor's,Information Technology,University of Illinois--Urbana-Champaign,3.8,3,65000,Placed
603,Emma Lopez,Female,24,Bachelor's,Mechanical Engineering,University of Colorado--Boulder,3.7,2,66000,Placed
604,Oliver Rodriguez,Male,23,Bachelor's,Computer Science,University of North Carolina--Chapel Hill,3.6,1,0,Not Placed
605,Chloe Hernandez,Female,26,Bachelor's,Electrical Engineering,University of Maryland--College Park,3.7,2,63000,Placed
606,Ava Lee,Female,24,Bachelor's,Information Technology,University of Rochester,3.8,3,62000,Placed
607,Liam Perez,Male,25,Bachelor's,Computer Science,University of California--Santa Cruz,3.7,2,60000,Placed
608,Isabella Martinez,Female,23,Bachelor's,Electronics and Communication,University of Connecticut,3.5,1,61000,Placed
609,Alexander Lee,Male,26,Bachelor's,Information Technology,University of California--Riverside,3.9,2,0,Not Placed
610,Sophia Johnson,Female,24,Bachelor's,Mechanical Engineering,University of Delaware,3.7,1,65000,Placed
611,Lucas Taylor,Male,23,Bachelor's,Computer Science,University of California--San Francisco,3.8,3,66000,Placed
612,Emma Martinez,Female,26,Bachelor's,Electronics and Communication,University of Texas--Dallas,3.6,1,63000,Placed
613,Aiden Davis,Male,24,Bachelor's,Computer Science,University of Virginia,3.9,2,64000,Placed
614,Mia Wilson,Female,23,Bachelor's,Electrical Engineering,University of Michigan--Ann Arbor,3.9,3,67000,Placed
615,Jack Garcia,Male,26,Bachelor's,Information Technology,University of Pennsylvania,3.7,2,0,Not Placed
616,Emma Lopez,Female,24,Bachelor's,Mechanical Engineering,University of Washington,3.8,3,67000,Placed
617,Oliver Rodriguez,Male,23,Bachelor's,Computer Science,University of California--Berkeley,3.9,3,66000,Placed
618,Chloe Hernandez,Female,26,Bachelor's,Electrical Engineering,University of Illinois--Urbana-Champaign,3.8,3,65000,Placed
619,Emma Martinez,Female,26,Bachelor's,Electronics and Communication,University of Colorado--Boulder,3.7,2,66000,Placed
620,Aiden Davis,Male,24,Bachelor's,Computer Science,University of North Carolina--Chapel Hill,3.6,1,0,Not Placed
621,Mia Wilson,Female,23,Bachelor's,Electrical Engineering,University of Maryland--College Park,3.7,2,63000,Placed
622,Jack Garcia,Male,26,Bachelor's,Information Technology,University of Rochester,3.8,3,62000,Placed
623,Emma Lopez,Female,24,Bachelor's,Mechanical Engineering,University of California--Santa Cruz,3.7,2,60000,Placed
624,Oliver Rodriguez,Male,23,Bachelor's,Computer Science,University of Connecticut,3.5,1,61000,Placed
625,Chloe Hernandez,Female,26,Bachelor's,Electrical Engineering,University of California--Riverside,3.9,2,0,Not Placed
626,Ava Lee,Female,24,Bachelor's,Information Technology,University of Delaware,3.7,1,65000,Placed
627,Liam Perez,Male,25,Bachelor's,Computer Science,University of California--San Francisco,3.8,3,66000,Placed
628,Isabella Martinez,Female,23,Bachelor's,Electronics and Communication,University of Texas--Dallas,3.6,1,63000,Placed
629,Alexander Lee,Male,26,Bachelor's,Information Technology,University of Virginia,3.9,2,64000,Placed
630,Sophia Johnson,Female,24,Bachelor's,Mechanical Engineering,University of Michigan--Ann Arbor,3.9,3,67000,Placed
631,Lucas Taylor,Male,23,Bachelor's,Computer Science,University of Pennsylvania,3.7,2,0,Not Placed
632,Emma Martinez,Female,26,Bachelor's,Electronics and Communication,University of Washington,3.8,3,67000,Placed
633,Aiden Davis,Male,24,Bachelor's,Computer Science,University of California--Berkeley,3.9,3,66000,Placed
634,Mia Wilson,Female,23,Bachelor's,Electrical Engineering,University of Illinois--Urbana-Champaign,3.8,3,65000,Placed
635,Jack Garcia,Male,26,Bachelor's,Information Technology,University of Colorado--Boulder,3.7,2,66000,Placed
636,Emma Lopez,Female,24,Bachelor's,Mechanical Engineering,University of North Carolina--Chapel Hill,3.6,1,0,Not Placed
637,Oliver Rodriguez,Male,23,Bachelor's,Computer Science,University of Maryland--College Park,3.7,2,63000,Placed
638,Chloe Hernandez,Female,26,Bachelor's,Electrical Engineering,University of Rochester,3.8,3,62000,Placed
639,Ava Lee,Female,24,Bachelor's,Information Technology,University of California--Santa Cruz,3.7,2,60000,Placed
640,Liam Perez,Male,25,Bachelor's,Computer Science,University of Connecticut,3.5,1,61000,Placed
641,Isabella Martinez,Female,23,Bachelor's,Electronics and Communication,University of California--Riverside,3.9,2,0,Not Placed
642,Alexander Lee,Male,26,Bachelor's,Information Technology,University of Delaware,3.7,1,65000,Placed
643,Sophia Johnson,Female,24,Bachelor's,Mechanical Engineering,University of California--San Francisco,3.8,3,66000,Placed
644,Lucas Taylor,Male,23,Bachelor's,Computer Science,University of Texas--Dallas,3.6,1,63000,Placed
645,Emma Martinez,Female,26,Bachelor's,Electronics and Communication,University of Virginia,3.9,2,64000,Placed
646,Aiden Davis,Male,24,Bachelor's,Computer Science,University of Michigan--Ann Arbor,3.9,3,67000,Placed
647,Mia Wilson,Female,23,Bachelor's,Electrical Engineering,University of Pennsylvania,3.7,2,0,Not Placed
648,Jack Garcia,Male,26,Bachelor's,Information Technology,University of Washington,3.8,3,67000,Placed
649,Emma Lopez,Female,24,Bachelor's,Mechanical Engineering,University of California--Berkeley,3.9,3,66000,Placed
650,Oliver Rodriguez,Male,23,Bachelor's,Computer Science,University of Illinois--Urbana-Champaign,3.8,3,65000,Placed
651,Chloe Hernandez,Female,26,Bachelor's,Electrical Engineering,University of Colorado--Boulder,3.7,2,66000,Placed
652,Ava Lee,Female,24,Bachelor's,Information Technology,University of North Carolina--Chapel Hill,3.6,1,0,Not Placed
653,Liam Perez,Male,25,Bachelor's,Computer Science,University of Maryland--College Park,3.7,2,63000,Placed
654,Isabella Martinez,Female,23,Bachelor's,Electronics and Communication,University of Rochester,3.8,3,62000,Placed
655,Alexander Lee,Male,26,Bachelor's,Information Technology,University of California--Santa Cruz,3.7,2,60000,Placed
656,Sophia Johnson,Female,24,Bachelor's,Mechanical Engineering,University of Connecticut,3.5,1,61000,Placed
657,Lucas Taylor,Male,23,Bachelor's,Computer Science,University of California--Riverside,3.9,2,0,Not Placed
658,Emma Martinez,Female,26,Bachelor's,Electronics and Communication,University of Delaware,3.7,1,65000,Placed
659,Aiden Davis,Male,24,Bachelor's,Computer Science,University of California--San Francisco,3.8,3,66000,Placed
660,Mia Wilson,Female,23,Bachelor's,Electrical Engineering,University of Texas--Dallas,3.6,1,63000,Placed
661,Jack Garcia,Male,26,Bachelor's,Information Technology,University of Virginia,3.9,2,64000,Placed
662,Emma Lopez,Female,24,Bachelor's,Mechanical Engineering,University of Michigan--Ann Arbor,3.9,3,67000,Placed
663,Oliver Rodriguez,Male,23,Bachelor's,Computer Science,University of Pennsylvania,3.7,2,0,Not Placed
664,Chloe Hernandez,Female,26,Bachelor's,Electrical Engineering,University of Washington,3.8,3,67000,Placed
665,Ava Lee,Female,24,Bachelor's,Information Technology,University of California--Berkeley,3.9,3,66000,Placed
666,Liam Perez,Male,25,Bachelor's,Computer Science,University of Illinois--Urbana-Champaign,3.8,3,65000,Placed
667,Isabella Martinez,Female,23,Bachelor's,Electronics and Communication,University of Colorado--Boulder,3.7,2,66000,Placed
668,Alexander Lee,Male,26,Bachelor's,Information Technology,University of North Carolina--Chapel Hill,3.6,1,0,Not Placed
669,Sophia Johnson,Female,24,Bachelor's,Mechanical Engineering,University of Maryland--College Park,3.7,2,63000,Placed
670,Lucas Taylor,Male,23,Bachelor's,Computer Science,University of Rochester,3.8,3,62000,Placed
671,Emma Martinez,Female,26,Bachelor's,Electronics and Communication,University of California--Santa Cruz,3.7,2,60000,Placed
672,Aiden Davis,Male,24,Bachelor's,Computer Science,University of Connecticut,3.5,1,61000,Placed
673,Mia Wilson,Female,23,Bachelor's,Electrical Engineering,University of California--Riverside,3.9,2,0,Not Placed
674,Jack Garcia,Male,26,Bachelor's,Information Technology,University of Delaware,3.7,1,65000,Placed
675,Emma Lopez,Female,24,Bachelor's,Mechanical Engineering,University of California--San Francisco,3.8,3,66000,Placed
676,Oliver Rodriguez,Male,23,Bachelor's,Computer Science,University of Texas--Dallas,3.6,1,63000,Placed
677,Chloe Hernandez,Female,26,Bachelor's,Electrical Engineering,University of Virginia,3.9,2,64000,Placed
678,Ava Lee,Female,24,Bachelor's,Information Technology,University of Michigan--Ann Arbor,3.9,3,67000,Placed
679,Liam Perez,Male,25,Bachelor's,Computer Science,University of Pennsylvania,3.7,2,0,Not Placed
680,Isabella Martinez,Female,23,Bachelor's,Electronics and Communication,University of Washington,3.8,3,67000,Placed
681,Alexander Lee,Male,26,Bachelor's,Information Technology,University of California--Berkeley,3.9,3,66000,Placed
682,Sophia Johnson,Female,24,Bachelor's,Mechanical Engineering,University of Illinois--Urbana-Champaign,3.8,3,65000,Placed
683,Lucas Taylor,Male,23,Bachelor's,Computer Science,University of Colorado--Boulder,3.7,2,66000,Placed
684,Emma Martinez,Female,26,Bachelor's,Electronics and Communication,University of North Carolina--Chapel Hill,3.6,1,0,Not Placed
685,Aiden Davis,Male,24,Bachelor's,Computer Science,University of Maryland--College Park,3.7,2,63000,Placed
686,Mia Wilson,Female,23,Bachelor's,Electrical Engineering,University of Rochester,3.8,3,62000,Placed
687,Jack Garcia,Male,26,Bachelor's,Information Technology,University of California--Santa Cruz,3.7,2,60000,Placed
688,Emma Lopez,Female,24,Bachelor's,Mechanical Engineering,University of Connecticut,3.5,1,61000,Placed
689,Oliver Rodriguez,Male,23,Bachelor's,Computer Science,University of California--Riverside,3.9,2,0,Not Placed
690,Chloe Hernandez,Female,26,Bachelor's,Electrical Engineering,University of Delaware,3.7,1,65000,Placed
691,Ava Lee,Female,24,Bachelor's,Information Technology,University of California--San Francisco,3.8,3,66000,Placed
692,Liam Perez,Male,25,Bachelor's,Computer Science,University of Texas--Dallas,3.6,1,63000,Placed
693,Isabella Martinez,Female,23,Bachelor's,Electronics and Communication,University of Virginia,3.9,2,64000,Placed
694,Alexander Lee,Male,26,Bachelor's,Information Technology,University of Michigan--Ann Arbor,3.9,3,67000,Placed
695,Sophia Johnson,Female,24,Bachelor's,Mechanical Engineering,University of Pennsylvania,3.7,2,0,Not Placed
696,Lucas Taylor,Male,23,Bachelor's,Computer Science,University of Washington,3.8,3,67000,Placed
697,Emma Martinez,Female,26,Bachelor's,Electronics and Communication,University of California--Berkeley,3.9,3,66000,Placed
698,Aiden Davis,Male,24,Bachelor's,Computer Science,University of Illinois--Urbana-Champaign,3.8,3,65000,Placed
699,Mia Wilson,Female,23,Bachelor's,Electrical Engineering,University of Colorado--Boulder,3.7,2,66000,Placed
700,Jack Garcia,Male,26,Bachelor's,Information Technology,University of North Carolina--Chapel Hill,3.6,1,0,Not Placed
